{"stat.damageDealt":46140,"achievement.exploreAllBiomes":{"value":0,"progress":["Sunflower Plains","Extreme Hills+","Deep Ocean","Taiga","Extreme Hills","Ocean","Plains","Mega Taiga Hills","ForestHills","Forest","Birch Forest","Beach","Mega Taiga","Swampland","Stone Beach","River"]},"achievement.openInventory":1363,"stat.climbOneCm":3783,"stat.fallOneCm":6961,"stat.flyOneCm":17472925,"stat.killEntity.Chicken":2,"stat.drop":42,"stat.damageTaken":570,"stat.timeSinceDeath":1945,"stat.killEntity.Villager":2,"stat.playOneMinute":1772383,"stat.leaveGame":2,"stat.killEntity.Creeper":1,"stat.diveOneCm":46084,"stat.deaths":1,"stat.jump":6816,"stat.swimOneCm":10762,"stat.mobKills":16,"stat.killEntity.Skeleton":1,"stat.horseOneCm":879059,"stat.walkOneCm":8650768,"stat.killEntity.Zombie":9}