{"stat.flyOneCm":128564,"stat.useItem.minecraft.glass":11,"stat.walkOneCm":70398,"stat.useItem.minecraft.stone_slab":127,"stat.useItem.minecraft.torch":4,"stat.jump":65,"stat.useItem.minecraft.quartz_block":6,"stat.playOneMinute":14108,"achievement.openInventory":9,"stat.leaveGame":1,"stat.useItem.minecraft.iron_block":58,"stat.useItem.minecraft.stone_brick_stairs":62,"stat.useItem.minecraft.wool":105,"stat.crouchOneCm":404,"stat.timeSinceDeath":14108,"stat.useItem.minecraft.nether_brick_fence":3,"stat.useItem.minecraft.stone_button":12,"stat.useItem.minecraft.sign":2,"stat.sprintOneCm":10848,"achievement.exploreAllBiomes":{"value":0,"progress":["Roofed Forest M","Beach","Roofed Forest","Birch Forest","Forest","River","Ocean","Plains"]}}