{"stat.useItem.minecraft.glass_pane":12,"stat.crouchOneCm":42,"stat.useItem.minecraft.quartz_block":127,"stat.useItem.minecraft.iron_bars":7,"achievement.openInventory":15,"stat.useItem.minecraft.stone_button":2,"achievement.exploreAllBiomes":{"value":0,"progress":["Taiga","Deep Ocean","Ocean"]},"stat.useItem.minecraft.iron_block":32,"stat.flyOneCm":35834,"stat.timeSinceDeath":6152,"stat.leaveGame":1,"stat.useItem.minecraft.lapis_block":1,"stat.useItem.minecraft.gold_block":2,"stat.playOneMinute":6152,"stat.useItem.minecraft.wool":25,"stat.useItem.minecraft.stone_slab":36,"stat.jump":18,"stat.walkOneCm":13579,"stat.sprintOneCm":2271,"stat.useItem.minecraft.iron_door":1}