{"achievement.openInventory":5,"achievement.exploreAllBiomes":{"value":0,"progress":["Forest","Desert M","Desert","DesertHills","Ocean","Plains","Ice Plains","Roofed Forest","River","Cold Taiga Hills"]},"stat.useItem.minecraft.stained_hardened_clay":122,"stat.flyOneCm":114747,"stat.useItem.minecraft.stone":8,"stat.useItem.minecraft.torch":1,"stat.timeSinceDeath":10400,"stat.leaveGame":1,"stat.playOneMinute":10400,"stat.useItem.minecraft.wool":239,"stat.jump":29,"stat.walkOneCm":45571,"stat.sprintOneCm":1154}