{"stat.crouchOneCm":166,"stat.useItem.minecraft.stone_button":4,"achievement.exploreAllBiomes":{"value":0,"progress":["Ocean","Beach","Plains","River"]},"stat.useItem.minecraft.iron_block":17,"achievement.openInventory":16,"stat.useItem.minecraft.prismarine":4,"stat.useItem.minecraft.torch":2,"stat.flyOneCm":45276,"stat.timeSinceDeath":6431,"stat.leaveGame":1,"stat.useItem.minecraft.iron_ore":28,"stat.useItem.minecraft.gravel":1,"stat.useItem.minecraft.glass":6,"stat.playOneMinute":6551,"stat.useItem.minecraft.wool":31,"stat.useItem.minecraft.stone_slab":19,"stat.jump":20,"stat.walkOneCm":21069,"stat.sprintOneCm":5691}