{"stat.useItem.minecraft.glass_pane":3,"stat.crouchOneCm":258,"achievement.openInventory":5,"stat.useItem.minecraft.stone_button":4,"achievement.exploreAllBiomes":{"value":0,"progress":["Deep Ocean","Extreme Hills","Ocean","Birch Forest","Beach","Plains","Roofed Forest","Cold Taiga"]},"stat.useItem.minecraft.leaves":11,"stat.useItem.minecraft.iron_block":173,"stat.useItem.minecraft.torch":4,"stat.useItem.minecraft.stained_hardened_clay":10,"stat.flyOneCm":246196,"stat.timeSinceDeath":13440,"stat.useItem.minecraft.nether_brick_fence":7,"stat.leaveGame":1,"stat.useItem.minecraft.gold_block":17,"stat.useItem.minecraft.glass":16,"stat.playOneMinute":13440,"stat.useItem.minecraft.wool":201,"stat.useItem.minecraft.stone_slab":123,"stat.jump":63,"stat.walkOneCm":67945,"stat.sprintOneCm":10640}