{"stat.useItem.minecraft.wooden_door":2,"stat.flyOneCm":266502,"stat.walkOneCm":86213,"stat.useItem.minecraft.stone_slab":2,"stat.jump":62,"stat.playOneMinute":17840,"achievement.openInventory":11,"stat.useItem.minecraft.stone":28,"stat.leaveGame":1,"stat.useItem.minecraft.wool":312,"stat.crouchOneCm":41,"stat.timeSinceDeath":17840,"stat.useItem.minecraft.stained_hardened_clay":23,"stat.useItem.minecraft.obsidian":56,"stat.sprintOneCm":22774,"achievement.exploreAllBiomes":{"value":0,"progress":["DesertHills","Stone Beach","Ocean","River","Plains","Desert","Swampland","Deep Ocean"]},"stat.useItem.minecraft.glowstone":6}