{"stat.crouchOneCm":370,"stat.useItem.minecraft.stone_button":7,"achievement.exploreAllBiomes":{"value":0,"progress":["Forest","Deep Ocean","Ocean","Plains"]},"stat.useItem.minecraft.quartz_block":211,"stat.useItem.minecraft.iron_block":6,"achievement.openInventory":10,"stat.useItem.minecraft.torch":4,"stat.flyOneCm":25624,"stat.timeSinceDeath":9983,"stat.leaveGame":1,"stat.playOneMinute":9983,"stat.useItem.minecraft.wool":22,"stat.useItem.minecraft.stone_slab":77,"stat.useItem.minecraft.glass":11,"stat.jump":51,"stat.walkOneCm":50983,"stat.sprintOneCm":5645}