{"stat.crouchOneCm":44,"stat.useItem.minecraft.glass_pane":20,"stat.useItem.minecraft.quartz_block":86,"achievement.openInventory":345,"stat.damageDealt":180,"achievement.exploreAllBiomes":{"value":0,"progress":["Roofed Forest M","Extreme Hills M","Desert","Extreme Hills+","Deep Ocean","Taiga","Extreme Hills","Ocean","Plains","TaigaHills","Mega Taiga Hills","Jungle","Birch Forest Hills","ForestHills","Extreme Hills+ M","Forest","JungleHills","Birch Forest","Beach","Mega Taiga","Roofed Forest","Savanna","River","Stone Beach"]},"stat.killEntity.Cow":1,"stat.climbOneCm":2308,"stat.flyOneCm":3604442,"stat.drop":5,"stat.damageTaken":30,"stat.timeSinceDeath":8321,"stat.leaveGame":1,"stat.playOneMinute":318889,"stat.diveOneCm":822,"stat.useItem.minecraft.wool":8,"stat.useItem.minecraft.stone_slab":10,"stat.jump":1272,"stat.swimOneCm":1203,"stat.mobKills":1,"stat.walkOneCm":1205770,"stat.minecartOneCm":6162,"stat.useItem.minecraft.sea_lantern":1,"stat.sprintOneCm":3912}