{"stat.useItem.minecraft.glass_pane":64,"stat.crouchOneCm":290,"stat.useItem.minecraft.quartz_block":106,"stat.useItem.minecraft.stone_brick_stairs":35,"achievement.openInventory":6,"stat.useItem.minecraft.stone_button":4,"achievement.exploreAllBiomes":{"value":0,"progress":["Desert","DesertHills","Plains","River"]},"stat.useItem.minecraft.iron_block":4,"stat.flyOneCm":37292,"stat.timeSinceDeath":7902,"stat.leaveGame":1,"stat.playOneMinute":7902,"stat.useItem.minecraft.glowstone":9,"stat.useItem.minecraft.stone_slab":80,"stat.jump":25,"stat.walkOneCm":30230,"stat.sprintOneCm":3747}