{"stat.flyOneCm":442864,"stat.useItem.minecraft.glass":53,"stat.walkOneCm":174760,"stat.useItem.minecraft.stone_slab":166,"stat.useItem.minecraft.torch":19,"stat.jump":157,"stat.playOneMinute":28398,"achievement.openInventory":16,"stat.leaveGame":1,"stat.useItem.minecraft.iron_block":56,"stat.useItem.minecraft.wool":512,"stat.crouchOneCm":182,"stat.timeSinceDeath":28398,"stat.useItem.minecraft.nether_brick_fence":12,"stat.useItem.minecraft.stained_hardened_clay":2,"stat.useItem.minecraft.stone_button":11,"stat.sprintOneCm":78361,"stat.useItem.minecraft.diamond_block":6,"stat.useItem.minecraft.sign":2,"achievement.exploreAllBiomes":{"value":0,"progress":["Beach","DesertHills","Stone Beach","Roofed Forest","Ocean","River","Forest","Plains","Desert","Swampland","Deep Ocean"]},"stat.useItem.minecraft.glowstone":34}