{"stat.walkOneCm":63865,"stat.useItem.minecraft.stone_slab":135,"stat.useItem.minecraft.sapling":3,"stat.useItem.minecraft.lever":6,"achievement.openInventory":21,"stat.useItem.minecraft.stone":87,"stat.leaveGame":1,"stat.useItem.minecraft.iron_block":20,"stat.useItem.minecraft.golden_rail":38,"stat.useItem.minecraft.gravel":29,"stat.useItem.minecraft.gold_block":190,"stat.useItem.minecraft.stonebrick":69,"stat.useItem.minecraft.dye":27,"stat.useItem.minecraft.glowstone":19,"stat.flyOneCm":179846,"stat.drop":1,"stat.jump":53,"stat.swimOneCm":2,"stat.playOneMinute":21151,"stat.useItem.minecraft.wool":44,"stat.crouchOneCm":448,"stat.timeSinceDeath":21151,"stat.useItem.minecraft.nether_brick_fence":46,"stat.useItem.minecraft.dirt":5,"stat.sprintOneCm":9801,"stat.useItem.minecraft.sign":2,"achievement.exploreAllBiomes":{"value":0,"progress":["Ocean","Forest","Plains","Desert"]},"stat.diveOneCm":538}