{"stat.flyOneCm":113781,"stat.walkOneCm":8290,"stat.jump":16,"stat.useItem.minecraft.quartz_block":2,"stat.playOneMinute":4154,"achievement.openInventory":12,"stat.useItem.minecraft.pumpkin":1,"stat.leaveGame":1,"stat.damageDealt":10,"stat.crouchOneCm":151,"stat.timeSinceDeath":4154,"stat.sprintOneCm":2891,"stat.useItem.minecraft.stained_glass":2,"stat.useItem.minecraft.spawn_egg":21,"stat.useItem.minecraft.hay_block":1,"achievement.exploreAllBiomes":{"value":0,"progress":["ForestHills","Stone Beach","Ocean","Forest","River","Plains","Taiga","Extreme Hills"]}}