{"stat.crouchOneCm":12,"achievement.exploreAllBiomes":{"value":0,"progress":["Deep Ocean","Extreme Hills","Beach","Plains","River"]},"stat.useItem.minecraft.iron_bars":21,"achievement.openInventory":6,"stat.useItem.minecraft.stone_brick_stairs":13,"stat.useItem.minecraft.stonebrick":263,"stat.flyOneCm":39155,"stat.timeSinceDeath":7099,"stat.leaveGame":1,"stat.playOneMinute":7099,"stat.useItem.minecraft.wool":7,"stat.useItem.minecraft.stone_slab":42,"stat.useItem.minecraft.glass":1,"stat.jump":12,"stat.walkOneCm":6959,"stat.sprintOneCm":397}