{"stat.flyOneCm":56146,"stat.walkOneCm":51788,"stat.useItem.minecraft.stone_slab":11,"stat.jump":25,"stat.swimOneCm":600,"stat.playOneMinute":11027,"achievement.openInventory":11,"stat.useItem.minecraft.stone":5,"stat.leaveGame":1,"stat.damageTaken":80,"stat.damageDealt":100,"stat.crouchOneCm":107,"stat.useItem.minecraft.wool":309,"stat.timeSinceDeath":11027,"stat.killEntity.Endermite":1,"stat.useItem.minecraft.nether_brick_fence":1,"stat.sprintOneCm":7544,"stat.useItem.minecraft.sign":4,"stat.mobKills":1,"stat.useItem.minecraft.spawn_egg":15,"achievement.exploreAllBiomes":{"value":0,"progress":["Ocean","Plains"]},"stat.diveOneCm":3884}