{"stat.useItem.minecraft.bow":23,"stat.useItem.minecraft.lapis_block":1,"stat.useItem.minecraft.quartz_block":8379,"stat.useItem.minecraft.painting":44,"stat.useItem.minecraft.repeater":1,"stat.leaveGame":106,"stat.useItem.minecraft.beacon":17,"stat.useItem.minecraft.bookshelf":103,"stat.useItem.minecraft.soul_sand":5,"stat.useItem.minecraft.glowstone":939,"stat.swimOneCm":18149,"stat.useItem.minecraft.snow":99,"stat.useItem.minecraft.planks":128,"stat.climbOneCm":2833,"stat.useItem.minecraft.coal_block":2,"stat.useItem.minecraft.obsidian":96,"stat.useItem.minecraft.redstone_torch":19,"stat.useItem.minecraft.dirt":433,"stat.useItem.minecraft.red_sandstone_stairs":12,"achievement.exploreAllBiomes":{"value":0,"progress":["Sunflower Plains","Cold Taiga","Birch Forest","Roofed Forest","Extreme Hills M","Extreme Hills+ M","Beach","Extreme Hills+","River","Ocean","JungleEdge","Taiga","Mega Taiga","Swampland","Ice Mountains","Birch Forest Hills","Roofed Forest M","ForestHills","Plains","DesertHills","Stone Beach","Birch Forest M","Ice Plains","Jungle","Birch Forest Hills M","Forest","JungleHills","Desert","Extreme Hills","Deep Ocean","Swampland M","Savanna"]},"stat.useItem.minecraft.detector_rail":47,"stat.useItem.minecraft.iron_ore":42,"stat.useItem.minecraft.rail":138,"stat.useItem.minecraft.anvil":4,"stat.useItem.minecraft.brick_block":242,"stat.flyOneCm":17210461,"stat.timeSinceDeath":206146,"stat.useItem.minecraft.sign":26,"stat.useItem.minecraft.spawn_egg":35,"stat.useItem.minecraft.wooden_slab":109,"stat.useItem.minecraft.iron_door":38,"stat.useItem.minecraft.lever":7,"stat.useItem.minecraft.hardened_clay":145,"stat.useItem.minecraft.oak_stairs":21,"stat.talkedToVillager":1,"stat.useItem.minecraft.redstone":7,"stat.useItem.minecraft.sea_lantern":244,"stat.useItem.minecraft.red_sandstone":30,"stat.useItem.minecraft.stained_glass":1157,"stat.useItem.minecraft.diamond_block":1,"stat.sprintOneCm":5390857,"stat.useItem.minecraft.fence":40,"stat.useItem.minecraft.stone_stairs":33,"stat.useItem.minecraft.dark_oak_door":22,"stat.useItem.minecraft.stone_slab":10459,"stat.useItem.minecraft.bed":12,"achievement.openInventory":1267,"stat.useItem.minecraft.cauldron":4,"stat.useItem.minecraft.stone_pressure_plate":14,"stat.useItem.minecraft.hopper":7,"stat.useItem.minecraft.dye":446,"stat.deaths":2,"stat.drop":10,"stat.playOneMinute":1320290,"stat.useItem.minecraft.diamond_ore":1,"stat.useItem.minecraft.nether_brick":3,"stat.useItem.minecraft.jukebox":6,"stat.diveOneCm":20007,"stat.useItem.minecraft.lapis_ore":1,"stat.useItem.minecraft.stone":1234,"stat.useItem.minecraft.quartz_stairs":489,"stat.useItem.minecraft.sponge":76,"stat.useItem.minecraft.carpet":10,"stat.useItem.minecraft.clay":42,"stat.useItem.minecraft.potion":47,"stat.useItem.minecraft.stained_glass_pane":289,"stat.useItem.minecraft.bedrock":85,"stat.useItem.minecraft.sand":3,"stat.jump":5906,"stat.fallOneCm":3554,"stat.crouchOneCm":220257,"stat.useItem.minecraft.mycelium":1,"stat.useItem.minecraft.nether_brick_fence":381,"stat.useItem.minecraft.stone_button":548,"stat.useItem.minecraft.coal_ore":2,"stat.useItem.minecraft.glass":1352,"stat.useItem.minecraft.sapling":57,"stat.useItem.minecraft.golden_rail":20,"stat.damageTaken":330,"stat.useItem.minecraft.stone_brick_stairs":84,"stat.useItem.minecraft.furnace":13,"stat.useItem.minecraft.gold_block":983,"stat.useItem.minecraft.wooden_pickaxe":7,"stat.useItem.minecraft.acacia_door":3,"achievement.cfm_install":1,"stat.useItem.minecraft.enchanting_table":4,"stat.damageDealt":455,"stat.useItem.minecraft.wool":16257,"stat.useItem.minecraft.crafting_table":9,"stat.mineBlock.minecraft.dirt":7,"stat.useItem.minecraft.iron_bars":157,"stat.walkOneCm":14212665,"stat.useItem.minecraft.torch":194,"stat.useItem.minecraft.chest":27,"stat.useItem.minecraft.pumpkin":15,"stat.useItem.minecraft.cobblestone":43,"stat.useItem.minecraft.gravel":87,"stat.useItem.minecraft.emerald_block":203,"stat.useItem.minecraft.gold_ore":1,"stat.useItem.minecraft.redstone_block":120,"stat.useItem.minecraft.item_frame":25,"stat.useItem.minecraft.stained_hardened_clay":3649,"stat.useItem.minecraft.glass_pane":53,"stat.useItem.minecraft.prismarine":64,"stat.useItem.minecraft.birch_door":6,"stat.useItem.minecraft.record_mellohi":2,"stat.useItem.minecraft.tripwire_hook":5,"stat.useItem.minecraft.iron_sword":4,"stat.useItem.minecraft.iron_block":4073,"stat.useItem.minecraft.jungle_door":2,"stat.useItem.minecraft.wooden_pressure_plate":5,"stat.mobKills":2,"stat.useItem.minecraft.stonebrick":1802,"stat.useItem.minecraft.wooden_door":7,"stat.useItem.minecraft.monster_egg":53,"stat.useItem.minecraft.mossy_cobblestone":69,"stat.useItem.minecraft.spruce_door":3,"stat.useItem.minecraft.cobblestone_wall":177,"stat.useItem.minecraft.brewing_stand":2,"stat.useItem.minecraft.web":35}