{"stat.flyOneCm":140704,"stat.useItem.minecraft.glass":70,"stat.walkOneCm":244789,"stat.useItem.minecraft.stone_slab":613,"stat.jump":137,"stat.playOneMinute":28719,"achievement.openInventory":17,"stat.leaveGame":1,"stat.useItem.minecraft.iron_block":66,"stat.useItem.minecraft.wool":1316,"stat.crouchOneCm":129,"stat.timeSinceDeath":28719,"stat.useItem.minecraft.dirt":5,"stat.sprintOneCm":50863,"stat.useItem.minecraft.stonebrick":172,"stat.useItem.minecraft.spawn_egg":4,"achievement.exploreAllBiomes":{"value":0,"progress":["Ocean","Plains","Extreme Hills","Deep Ocean"]},"stat.useItem.minecraft.glowstone":23}