{"stat.flyOneCm":142574,"stat.useItem.minecraft.glass":12,"stat.walkOneCm":60871,"stat.useItem.minecraft.stone_slab":75,"stat.useItem.minecraft.torch":4,"stat.jump":49,"stat.useItem.minecraft.quartz_block":24,"stat.playOneMinute":14925,"achievement.openInventory":15,"stat.leaveGame":1,"stat.useItem.minecraft.iron_block":182,"stat.useItem.minecraft.wool":388,"stat.crouchOneCm":228,"stat.timeSinceDeath":14925,"stat.useItem.minecraft.skull":1,"stat.useItem.minecraft.stone_button":58,"stat.useItem.minecraft.sign":2,"stat.sprintOneCm":4888,"achievement.exploreAllBiomes":{"value":0,"progress":["Ocean","Plains","Deep Ocean"]},"stat.useItem.minecraft.glowstone":1,"stat.useItem.minecraft.stained_glass_pane":24}