{"stat.flyOneCm":114713,"stat.walkOneCm":34913,"stat.jump":52,"stat.playOneMinute":9887,"achievement.openInventory":6,"stat.useItem.minecraft.stone":4,"stat.leaveGame":1,"stat.useItem.minecraft.log":2,"stat.useItem.minecraft.wool":81,"stat.crouchOneCm":259,"stat.timeSinceDeath":9887,"stat.useItem.minecraft.stained_hardened_clay":113,"stat.sprintOneCm":7402,"stat.useItem.minecraft.stonebrick":1,"stat.useItem.minecraft.spawn_egg":4,"achievement.exploreAllBiomes":{"value":0,"progress":["DesertHills","Ocean","Plains","Desert","Extreme Hills","Deep Ocean"]},"stat.useItem.minecraft.fence":14}