{"stat.flyOneCm":85440,"stat.walkOneCm":86151,"stat.useItem.minecraft.stone_slab":33,"stat.jump":42,"stat.playOneMinute":15747,"achievement.openInventory":25,"stat.useItem.minecraft.iron_sword":3,"stat.leaveGame":1,"stat.killEntity.Villager":1,"stat.damageDealt":210,"stat.useItem.minecraft.wool":457,"stat.crouchOneCm":76,"stat.timeSinceDeath":15747,"stat.sprintOneCm":13951,"stat.mobKills":1,"stat.useItem.minecraft.spawn_egg":3,"stat.useItem.minecraft.stonebrick":35,"achievement.exploreAllBiomes":{"value":0,"progress":["Stone Beach","Ocean","River","Deep Ocean"]},"stat.useItem.minecraft.glass_pane":5,"stat.useItem.minecraft.glowstone":1}