{"stat.useItem.minecraft.iron_bars":4,"stat.walkOneCm":514827,"stat.useItem.minecraft.torch":25,"stat.useItem.minecraft.quartz_block":928,"stat.animalsBred":1,"stat.useItem.minecraft.painting":6,"stat.useItem.minecraft.chest":2,"stat.useItem.minecraft.lever":1,"stat.useItem.minecraft.pumpkin":7,"stat.useItem.minecraft.quartz_stairs":38,"stat.leaveGame":1,"stat.useItem.minecraft.oak_stairs":5,"stat.useItem.minecraft.emerald_block":10,"stat.useItem.minecraft.glowstone":23,"stat.useItem.minecraft.flower_pot":1,"stat.jump":313,"stat.fallOneCm":3615,"stat.useItem.minecraft.planks":121,"stat.crouchOneCm":2068,"stat.useItem.minecraft.nether_brick_fence":43,"stat.useItem.minecraft.redstone_torch":2,"stat.useItem.minecraft.obsidian":85,"stat.useItem.minecraft.stone_button":116,"stat.useItem.minecraft.diamond_block":10,"stat.sprintOneCm":70170,"stat.useItem.minecraft.stained_glass":13,"achievement.exploreAllBiomes":{"value":0,"progress":["ForestHills","River","Ocean","Forest","Plains","Extreme Hills","Deep Ocean"]},"stat.useItem.minecraft.fence":1,"stat.useItem.minecraft.glass_pane":37,"stat.useItem.minecraft.birch_door":1,"stat.useItem.minecraft.glass":64,"stat.useItem.minecraft.dark_oak_door":3,"stat.useItem.minecraft.stone_slab":860,"stat.useItem.minecraft.bed":4,"achievement.openInventory":116,"stat.useItem.minecraft.cauldron":5,"stat.useItem.minecraft.iron_block":378,"stat.damageTaken":280,"stat.useItem.minecraft.furnace":3,"stat.useItem.minecraft.gold_block":5,"stat.useItem.minecraft.acacia_door":1,"stat.useItem.minecraft.wooden_pressure_plate":1,"stat.flyOneCm":422160,"stat.useItem.minecraft.spruce_door":1,"stat.playOneMinute":101405,"stat.useItem.minecraft.banner":2,"stat.useItem.minecraft.wool":408,"stat.timeSinceDeath":101405,"stat.useItem.minecraft.brewing_stand":3,"stat.useItem.minecraft.jukebox":1,"stat.useItem.minecraft.crafting_table":4,"stat.useItem.minecraft.iron_door":2}