{"stat.crouchOneCm":142,"achievement.exploreAllBiomes":{"value":0,"progress":["Extreme Hills M","Forest","Extreme Hills+","Taiga","Extreme Hills","Plains","Beach","River"]},"stat.useItem.minecraft.stone_button":9,"stat.useItem.minecraft.iron_block":2,"achievement.openInventory":56,"stat.climbOneCm":328,"stat.flyOneCm":588282,"stat.drop":3,"stat.useItem.minecraft.torch":2,"stat.timeSinceDeath":10629,"stat.useItem.minecraft.nether_brick_fence":2,"stat.leaveGame":1,"stat.diveOneCm":2137,"stat.useItem.minecraft.glass":11,"stat.playOneMinute":89341,"stat.useItem.minecraft.wool":478,"stat.useItem.minecraft.stone_slab":35,"stat.walkOneCm":382703,"stat.jump":362,"stat.swimOneCm":149,"stat.sprintOneCm":7686}