{"stat.flyOneCm":105915,"stat.walkOneCm":82762,"stat.useItem.minecraft.cobblestone_wall":9,"stat.jump":44,"stat.useItem.minecraft.sapling":15,"stat.playOneMinute":14867,"achievement.openInventory":14,"stat.useItem.minecraft.stone":22,"stat.leaveGame":1,"stat.crouchOneCm":8,"stat.useItem.minecraft.wool":382,"stat.timeSinceDeath":14867,"stat.sprintOneCm":10945,"stat.useItem.minecraft.dye":113,"achievement.exploreAllBiomes":{"value":0,"progress":["Stone Beach","Ocean","River","Swampland","Deep Ocean"]},"stat.useItem.minecraft.glowstone":2}