{"stat.beaconInteraction":11,"stat.useItem.minecraft.bow":14,"stat.useItem.minecraft.quartz_block":10839,"stat.useItem.minecraft.painting":156,"stat.useItem.minecraft.repeater":98,"stat.leaveGame":82,"stat.useItem.minecraft.beacon":167,"stat.useItem.minecraft.bookshelf":16,"stat.useItem.minecraft.skull":4,"stat.useItem.minecraft.glowstone":1420,"stat.swimOneCm":171,"stat.useItem.minecraft.planks":31,"stat.pickup.minecraft.glowstone":2,"stat.useItem.minecraft.end_rod":19,"stat.useItem.minecraft.obsidian":143,"stat.useItem.minecraft.redstone_torch":21,"stat.useItem.minecraft.dirt":74,"achievement.exploreAllBiomes":{"value":0,"progress":["Sunflower Plains","Roofed Forest M","ForestHills","Roofed Forest","Extreme Hills M","Plains","TaigaHills","Beach","DesertHills","Stone Beach","Mega Taiga Hills","Extreme Hills+","Jungle","Ocean","River","Forest","Taiga","Desert","Mega Taiga","Extreme Hills","Swampland","Deep Ocean","Savanna"]},"stat.useItem.minecraft.sandstone_stairs":73,"stat.pickup.minecraft.cobblestone_wall":1,"stat.pickup.minecraft.quartz_stairs":3,"stat.pickup.minecraft.gold_block":1,"stat.useItem.minecraft.brick_block":68,"stat.flyOneCm":6893149,"stat.pickup.minecraft.redstone":31,"stat.timeSinceDeath":743236,"stat.useItem.minecraft.sign":38,"stat.useItem.minecraft.spawn_egg":16,"stat.useItem.minecraft.wooden_slab":34,"stat.useItem.minecraft.iron_door":15,"stat.killEntity.Bat":13,"stat.useItem.minecraft.lever":61,"stat.pickup.minecraft.stonebrick":1,"stat.furnaceInteraction":4,"stat.drop.minecraft.wool":1,"stat.pickup.minecraft.shield":1,"stat.useItem.minecraft.armor_stand":4,"stat.drop.minecraft.stone_slab":1,"stat.useItem.minecraft.redstone":1114,"stat.sprintOneCm":663812,"stat.useItem.minecraft.stained_glass":1073,"stat.useItem.minecraft.fence":1,"stat.useItem.minecraft.stone_stairs":29,"stat.pickup.minecraft.skull":1,"stat.useItem.minecraft.dark_oak_door":48,"stat.useItem.minecraft.stone_slab":9376,"stat.useItem.minecraft.bed":9,"achievement.openInventory":634,"stat.pickup.minecraft.potion":3,"stat.useItem.minecraft.cauldron":1,"stat.pickup.minecraft.grass":2,"stat.useItem.minecraft.wooden_button":1,"stat.useItem.minecraft.lingering_potion":9,"stat.drop.minecraft.lava_bucket":1,"stat.useItem.minecraft.dye":763,"stat.pickup.minecraft.lever":4,"stat.deaths":2,"stat.drop":5,"stat.pickup.minecraft.egg":1,"stat.playOneMinute":891373,"stat.pickup.minecraft.stone_button":1,"stat.useItem.minecraft.banner":55,"stat.pickup.minecraft.clock":18,"stat.pickup.minecraft.glass_pane":5,"stat.pickup.minecraft.iron_block":2,"stat.pickup.minecraft.item_frame":19,"stat.diveOneCm":1639,"stat.chestOpened":3,"stat.useItem.minecraft.splash_potion":4,"stat.pickup.minecraft.sign":1,"stat.useItem.minecraft.stone":4931,"stat.useItem.minecraft.quartz_stairs":408,"stat.pickup.minecraft.stained_glass_pane":3,"stat.useItem.minecraft.carpet":54,"stat.useItem.minecraft.potion":1,"stat.useItem.minecraft.stained_glass_pane":351,"stat.useItem.minecraft.flower_pot":6,"stat.jump":4041,"stat.fallOneCm":209,"stat.crouchOneCm":23551,"stat.useItem.minecraft.nether_brick_fence":78,"stat.useItem.minecraft.stone_button":111,"stat.pickup.minecraft.painting":11,"stat.useItem.minecraft.glass":1029,"stat.useItem.minecraft.sapling":86,"stat.useItem.minecraft.redstone_lamp":220,"stat.brewingstandInteraction":6,"stat.useItem.minecraft.gold_block":32,"stat.useItem.minecraft.furnace":22,"stat.pickup.minecraft.quartz_block":2,"stat.useItem.minecraft.enchanting_table":1,"stat.pickup.minecraft.stained_glass":2,"stat.damageDealt":110,"stat.useItem.minecraft.wool":10604,"stat.sleepInBed":1,"stat.useItem.minecraft.crafting_table":3,"stat.useItem.minecraft.iron_bars":48,"stat.flowerPotted":6,"stat.useItem.minecraft.command_block":53,"stat.drop.minecraft.painting":1,"stat.walkOneCm":3863250,"stat.useItem.minecraft.torch":18,"stat.useItem.minecraft.chest":25,"stat.useItem.minecraft.log":3,"stat.useItem.minecraft.emerald_block":615,"stat.drop.minecraft.stonebrick":1,"stat.useItem.minecraft.redstone_block":1,"stat.useItem.minecraft.item_frame":39,"stat.pickup.minecraft.stone":5,"stat.useItem.minecraft.stained_hardened_clay":1661,"stat.useItem.minecraft.leaves":15,"stat.useItem.minecraft.glass_pane":763,"stat.pickup.minecraft.banner":1,"stat.useItem.minecraft.prismarine":11,"stat.useItem.minecraft.iron_block":2215,"stat.mobKills":13,"stat.useItem.minecraft.stonebrick":2084,"stat.useItem.minecraft.wooden_door":14,"stat.useItem.minecraft.cobblestone_wall":358,"stat.useItem.minecraft.spruce_door":1,"stat.sneakTime":17082,"stat.pickup.minecraft.wool":6,"stat.pickup.minecraft.lava_bucket":1,"stat.useItem.minecraft.brewing_stand":4,"stat.pickup.minecraft.stone_slab":1,"stat.useItem.minecraft.sandstone":202}