{"stat.flyOneCm":245203,"stat.walkOneCm":117192,"stat.jump":73,"stat.playOneMinute":16561,"achievement.openInventory":5,"stat.useItem.minecraft.stone":232,"stat.leaveGame":1,"stat.useItem.minecraft.cobblestone":10,"stat.useItem.minecraft.wool":294,"stat.timeSinceDeath":16561,"stat.useItem.minecraft.stained_hardened_clay":72,"stat.useItem.minecraft.redstone_torch":6,"stat.sprintOneCm":22378,"achievement.exploreAllBiomes":{"value":0,"progress":["Stone Beach","Extreme Hills+","Ocean","River","Forest","JungleHills","Extreme Hills","Swampland","Deep Ocean"]}}