{"stat.flyOneCm":135426,"stat.walkOneCm":69074,"stat.jump":49,"stat.useItem.minecraft.quartz_block":13,"stat.useItem.minecraft.snow":290,"stat.playOneMinute":25016,"achievement.openInventory":4,"stat.useItem.minecraft.planks":26,"stat.leaveGame":1,"stat.useItem.minecraft.iron_block":1,"stat.crouchOneCm":70,"stat.timeSinceDeath":25016,"stat.useItem.minecraft.dirt":7,"stat.sprintOneCm":12879,"achievement.exploreAllBiomes":{"value":0,"progress":["Cold Taiga","Ocean","River","Plains","Extreme Hills","Deep Ocean"]},"stat.useItem.minecraft.fence":4}