{"stat.flyOneCm":185363,"stat.useItem.minecraft.glass":13,"stat.walkOneCm":280058,"stat.useItem.minecraft.stone_slab":117,"stat.useItem.minecraft.torch":6,"stat.jump":142,"stat.useItem.minecraft.quartz_block":50,"stat.useItem.minecraft.snow":794,"stat.playOneMinute":31708,"achievement.openInventory":14,"stat.useItem.minecraft.stone":65,"stat.leaveGame":1,"stat.useItem.minecraft.iron_block":132,"stat.crouchOneCm":259,"stat.useItem.minecraft.wool":69,"stat.timeSinceDeath":31708,"stat.useItem.minecraft.nether_brick_fence":8,"stat.useItem.minecraft.stone_button":6,"stat.sprintOneCm":10580,"achievement.exploreAllBiomes":{"value":0,"progress":["Beach","Ocean","River","Forest","Plains","Deep Ocean"]},"stat.useItem.minecraft.glowstone":737}