{"stat.flyOneCm":79322,"stat.useItem.minecraft.glass":23,"stat.walkOneCm":61144,"stat.useItem.minecraft.stone_slab":167,"stat.useItem.minecraft.torch":8,"stat.jump":62,"stat.playOneMinute":15899,"achievement.openInventory":15,"stat.leaveGame":1,"stat.useItem.minecraft.iron_block":104,"stat.useItem.minecraft.stone_brick_stairs":14,"stat.useItem.minecraft.wool":71,"stat.crouchOneCm":304,"stat.timeSinceDeath":15899,"stat.useItem.minecraft.nether_brick_fence":51,"stat.useItem.minecraft.stained_hardened_clay":24,"stat.useItem.minecraft.redstone_torch":7,"stat.useItem.minecraft.stone_button":9,"stat.sprintOneCm":3612,"achievement.exploreAllBiomes":{"value":0,"progress":["Forest","River","Plains"]},"stat.useItem.minecraft.glowstone":1}