{"stat.crouchOneCm":64,"stat.useItem.minecraft.stone_button":19,"achievement.exploreAllBiomes":{"value":0,"progress":["Plains","River"]},"stat.useItem.minecraft.iron_block":16,"achievement.openInventory":4,"stat.useItem.minecraft.rail":9,"stat.useItem.minecraft.torch":2,"stat.flyOneCm":25858,"stat.timeSinceDeath":6865,"stat.leaveGame":1,"stat.useItem.minecraft.gravel":1,"stat.useItem.minecraft.glass":5,"stat.playOneMinute":6865,"stat.useItem.minecraft.wool":30,"stat.useItem.minecraft.tripwire_hook":8,"stat.useItem.minecraft.stone_slab":83,"stat.jump":21,"stat.walkOneCm":27267,"stat.sprintOneCm":2612}