{"stat.useItem.minecraft.iron_bars":3,"stat.walkOneCm":246763,"stat.useItem.minecraft.stone_slab":174,"stat.useItem.minecraft.quartz_block":87,"stat.useItem.minecraft.sapling":5,"achievement.openInventory":35,"stat.useItem.minecraft.quartz_stairs":51,"stat.leaveGame":2,"stat.useItem.minecraft.iron_block":2,"stat.useItem.minecraft.cobblestone":71,"stat.useItem.minecraft.stonebrick":479,"stat.useItem.minecraft.dye":48,"stat.useItem.minecraft.glowstone":127,"stat.flyOneCm":312508,"stat.jump":100,"stat.playOneMinute":48298,"stat.useItem.minecraft.wool":734,"stat.crouchOneCm":78,"stat.timeSinceDeath":48298,"stat.useItem.minecraft.stained_hardened_clay":1,"stat.useItem.minecraft.redstone_torch":27,"stat.useItem.minecraft.obsidian":22,"stat.useItem.minecraft.dirt":38,"stat.useItem.minecraft.stone_button":24,"stat.sprintOneCm":27535,"achievement.exploreAllBiomes":{"value":0,"progress":["Stone Beach","Ocean","Forest","River","Swampland","Deep Ocean"]},"stat.useItem.minecraft.stone_stairs":9}