{"stat.useItem.66":12,"stat.useItem.2258":3,"stat.craftItem.279":4,"stat.useItem.3":96,"stat.useItem.351":465,"achievement.exploreAllBiomes":{"value":0,"progress":["Plains"]},"stat.useItem.324":10,"stat.useItem.2257":6,"stat.useItem.53":40,"stat.useItem.25":1,"stat.useItem.48":1,"stat.useItem.30":13,"stat.useItem.2262":6,"stat.useItem.72":92,"stat.useItem.89":8761,"stat.useItem.46":26,"achievement.openInventory":1067,"stat.damageDealt":105206,"stat.useItem.23":1,"stat.useItem.50":21,"stat.useItem.259":2,"stat.useItem.49":156,"stat.useItem.323":142,"stat.useItem.5":1,"stat.useItem.31":195,"stat.fallOneCm":3231,"stat.flyOneCm":19228983,"stat.useItem.95":141,"stat.useItem.2256":11,"stat.damageTaken":-2147470133,"stat.useItem.88":2,"stat.useItem.4":389,"stat.useItem.355":2,"stat.useItem.86":9,"stat.killEntity.EntityHorse":9,"stat.useItem.69":3,"stat.useItem.2260":4,"stat.climbOneCm":18358,"stat.useItem.45":133,"stat.useItem.156":43,"stat.useItem.2261":5,"stat.useItem.52":4,"stat.useItem.87":11,"stat.drop":77,"stat.useItem.135":133,"stat.useItem.29":8,"stat.useItem.356":20,"stat.useItem.2266":7,"stat.useItem.159":678,"stat.useItem.17":8,"stat.useItem.328":10,"stat.useItem.84":9,"stat.killEntity.Creeper":13,"stat.useItem.2267":4,"stat.playOneMinute":2216222,"stat.useItem.278":1,"stat.useItem.155":4828,"stat.useItem.70":10,"stat.useItem.76":18,"stat.leaveGame":2,"stat.diveOneCm":441871,"stat.useItem.6":30,"stat.useItem.330":12,"stat.useItem.54":10,"stat.killEntity.Villager":4,"stat.useItem.41":278,"stat.killEntity.Spider":13,"stat.useItem.109":226,"stat.killEntity.Slime":4,"stat.useItem.61":8,"stat.useItem.85":161,"stat.useItem.80":73,"stat.useItem.372":1,"stat.useItem.383":401,"stat.animalsBred":2,"stat.useItem.57":1344,"stat.boatOneCm":126030,"stat.entityKilledBy.Skeleton":1,"stat.useItem.22":3,"stat.useItem.58":4,"stat.swimOneCm":301169,"stat.killEntity.Skeleton":19,"stat.horseOneCm":1002294,"stat.useItem.397":4,"stat.walkOneCm":14108093,"stat.useItem.77":10,"stat.useItem.2264":4,"stat.useItem.145":1,"stat.useItem.35":50840,"stat.useItem.44":18477,"stat.useItem.342":1,"stat.jump":8278,"stat.useItem.13":218,"stat.killEntity.Witch":1,"stat.useItem.343":8,"stat.useItem.12":17,"stat.useItem.137":3,"stat.deaths":2,"stat.useItem.113":1028,"stat.mobKills":83,"stat.useItem.389":27,"stat.useItem.42":12838,"stat.useItem.171":105,"stat.useItem.98":3403,"stat.killEntity.Zombie":19,"stat.minecartOneCm":154292,"stat.useItem.276":37,"stat.useItem.27":13,"stat.useItem.148":18,"stat.useItem.82":4,"stat.useItem.1":7833,"stat.useItem.20":9197,"stat.useItem.331":39,"stat.useItem.2265":2,"stat.useItem.102":233,"stat.useItem.138":10,"stat.useItem.28":72,"stat.useItem.2259":2,"stat.useItem.2263":3,"stat.useItem.101":4}