{"stat.crouchOneCm":121,"stat.useItem.minecraft.spruce_door":1,"stat.useItem.minecraft.acacia_door":2,"stat.useItem.minecraft.fence":28,"achievement.exploreAllBiomes":{"value":0,"progress":["Deep Ocean","Extreme Hills","Plains","Swampland"]},"achievement.openInventory":5,"stat.useItem.minecraft.jungle_door":1,"stat.useItem.minecraft.stonebrick":1,"stat.flyOneCm":32769,"stat.useItem.minecraft.birch_door":1,"stat.timeSinceDeath":7387,"stat.useItem.minecraft.nether_brick_fence":27,"stat.leaveGame":1,"stat.playOneMinute":7387,"stat.useItem.minecraft.wool":80,"stat.jump":22,"stat.walkOneCm":41097,"stat.sprintOneCm":8905}