{"stat.useItem.minecraft.iron_bars":1,"stat.useItem.minecraft.glass":60,"stat.walkOneCm":89329,"stat.useItem.minecraft.stone_slab":206,"stat.useItem.minecraft.torch":12,"achievement.openInventory":27,"stat.leaveGame":1,"stat.useItem.minecraft.iron_block":108,"stat.useItem.minecraft.gold_block":88,"stat.useItem.minecraft.glowstone":2,"stat.useItem.minecraft.stained_glass_pane":4,"stat.flyOneCm":176289,"stat.jump":119,"stat.playOneMinute":21378,"stat.useItem.minecraft.nether_brick":1,"stat.useItem.minecraft.enchanting_table":3,"stat.useItem.minecraft.wool":126,"stat.crouchOneCm":303,"stat.timeSinceDeath":21378,"stat.useItem.minecraft.nether_brick_fence":11,"stat.useItem.minecraft.stained_hardened_clay":18,"stat.useItem.minecraft.stone_button":22,"stat.sprintOneCm":6923,"achievement.exploreAllBiomes":{"value":0,"progress":["Beach","Forest","Ocean","River","Plains","Taiga"]}}