{"stat.useItem.minecraft.iron_block":1,"achievement.openInventory":5,"achievement.exploreAllBiomes":{"value":0,"progress":["Deep Ocean","Extreme Hills","Ocean","Plains","Stone Beach"]},"stat.useItem.minecraft.stonebrick":16,"stat.flyOneCm":36968,"stat.timeSinceDeath":4589,"stat.useItem.minecraft.nether_brick_fence":3,"stat.leaveGame":1,"stat.playOneMinute":4589,"stat.useItem.minecraft.glowstone":1,"stat.useItem.minecraft.wool":153,"stat.jump":38,"stat.walkOneCm":29437,"stat.useItem.minecraft.sign":2,"stat.sprintOneCm":4285}