{"stat.useItem.minecraft.glass":46,"stat.walkOneCm":229364,"stat.useItem.minecraft.stone_slab":533,"stat.useItem.minecraft.torch":16,"stat.useItem.minecraft.quartz_block":251,"stat.useItem.minecraft.chest":4,"achievement.openInventory":81,"stat.useItem.minecraft.stone":59,"stat.leaveGame":1,"stat.useItem.minecraft.iron_block":200,"stat.useItem.minecraft.log":41,"stat.useItem.minecraft.oak_stairs":5,"stat.useItem.minecraft.bookshelf":58,"stat.useItem.minecraft.tnt":2,"stat.useItem.minecraft.rail":10,"stat.useItem.minecraft.dye":52,"stat.useItem.minecraft.glowstone":29,"stat.flyOneCm":369061,"stat.jump":246,"stat.swimOneCm":33,"stat.playOneMinute":57502,"stat.useItem.minecraft.red_mushroom":4,"stat.useItem.minecraft.planks":11,"stat.climbOneCm":1153,"stat.useItem.minecraft.ladder":42,"stat.useItem.minecraft.diamond_ore":28,"stat.useItem.minecraft.enchanting_table":1,"stat.useItem.minecraft.fire_charge":1,"stat.damageDealt":45,"stat.crouchOneCm":903,"stat.useItem.minecraft.wool":234,"stat.timeSinceDeath":57502,"stat.useItem.minecraft.nether_brick_fence":4,"stat.useItem.minecraft.obsidian":21,"stat.useItem.minecraft.redstone_torch":3,"stat.useItem.minecraft.stone_button":44,"stat.useItem.minecraft.dirt":1,"stat.useItem.minecraft.leaves":3,"stat.sprintOneCm":18370,"stat.useItem.minecraft.sign":3,"stat.useItem.minecraft.wooden_slab":4,"achievement.exploreAllBiomes":{"value":0,"progress":["Ocean","Forest","River","Plains","Taiga","Extreme Hills","TaigaHills","Deep Ocean"]},"stat.diveOneCm":1262,"stat.useItem.minecraft.glass_pane":2,"stat.useItem.minecraft.iron_door":2}