{"stat.damageDealt":960,"achievement.exploreAllBiomes":{"value":0,"progress":["Forest","Desert","Deep Ocean","Ocean","Plains","River"]},"stat.killEntity.Bat":8,"stat.useItem.89":4,"achievement.openInventory":19,"stat.useItem.323":1,"stat.flyOneCm":50840,"stat.useItem.61":6,"stat.useItem.330":1,"stat.playOneMinute":10099,"stat.jump":25,"stat.useItem.1":10,"stat.mobKills":8,"stat.useItem.98":1,"stat.walkOneCm":31436,"stat.useItem.77":2,"stat.useItem.101":13,"stat.useItem.276":8,"stat.useItem.44":258}