{"stat.crouchOneCm":21,"stat.useItem.minecraft.stone_button":3,"achievement.exploreAllBiomes":{"value":0,"progress":["Forest"]},"stat.useItem.minecraft.iron_block":31,"achievement.openInventory":8,"stat.useItem.minecraft.torch":2,"stat.flyOneCm":5729,"stat.timeSinceDeath":5947,"stat.useItem.minecraft.nether_brick_fence":17,"stat.leaveGame":1,"stat.useItem.minecraft.glass":5,"stat.playOneMinute":5947,"stat.useItem.minecraft.wool":27,"stat.useItem.minecraft.stone_slab":43,"stat.jump":17,"stat.walkOneCm":16699,"stat.useItem.minecraft.dirt":5}