{"stat.useItem.minecraft.iron_bars":1,"stat.useItem.minecraft.birch_door":1,"stat.useItem.minecraft.glass":19,"stat.walkOneCm":207759,"stat.useItem.minecraft.stone_slab":188,"stat.useItem.minecraft.torch":12,"stat.useItem.minecraft.quartz_block":130,"stat.useItem.minecraft.record_wait":1,"stat.useItem.minecraft.chest":2,"achievement.openInventory":57,"stat.leaveGame":1,"stat.useItem.minecraft.iron_block":59,"stat.useItem.minecraft.stone_brick_stairs":14,"stat.useItem.minecraft.gold_block":17,"stat.useItem.minecraft.emerald_block":1,"stat.useItem.minecraft.record_cat":1,"stat.useItem.minecraft.stonebrick":1,"stat.flyOneCm":301859,"stat.drop":1,"stat.useItem.minecraft.bedrock":10,"stat.jump":152,"stat.playOneMinute":36222,"stat.useItem.minecraft.wool":469,"stat.crouchOneCm":338,"stat.timeSinceDeath":36222,"stat.useItem.minecraft.nether_brick_fence":13,"stat.useItem.minecraft.stained_hardened_clay":37,"stat.useItem.minecraft.redstone_torch":2,"stat.useItem.minecraft.stone_button":29,"stat.sprintOneCm":44260,"stat.useItem.minecraft.jukebox":2,"stat.useItem.minecraft.diamond_block":13,"stat.useItem.minecraft.stained_glass":18,"stat.useItem.minecraft.spawn_egg":70,"achievement.exploreAllBiomes":{"value":0,"progress":["Beach","Roofed Forest","Ocean","River","Forest","Plains","Desert","Deep Ocean"]},"stat.useItem.minecraft.fence":37,"stat.useItem.minecraft.sandstone":1}