{"stat.flyOneCm":145407,"stat.walkOneCm":206481,"stat.useItem.minecraft.stone_slab":35,"stat.useItem.minecraft.cobblestone_wall":1,"stat.jump":117,"stat.playOneMinute":27276,"achievement.openInventory":18,"stat.leaveGame":1,"stat.useItem.minecraft.stone_brick_stairs":13,"stat.damageDealt":40,"stat.useItem.minecraft.wool":1049,"stat.crouchOneCm":64,"stat.timeSinceDeath":27276,"stat.useItem.minecraft.nether_brick_fence":7,"stat.useItem.minecraft.redstone_torch":8,"stat.useItem.minecraft.dirt":2,"stat.useItem.minecraft.stone_button":5,"stat.sprintOneCm":35234,"stat.useItem.minecraft.sign":2,"stat.useItem.minecraft.stonebrick":159,"achievement.exploreAllBiomes":{"value":0,"progress":["Forest","River","Plains"]}}