{"stat.useItem.131":6,"stat.useItem.155":56,"stat.useItem.67":99,"stat.useItem.89":2,"stat.useItem.330":3,"stat.walkOneCm":184030,"stat.useItem.113":17,"stat.useItem.85":1,"achievement.openInventory":29,"stat.useItem.80":723,"stat.useItem.53":1,"stat.useItem.76":1,"stat.useItem.383":1,"stat.useItem.287":6,"stat.flyOneCm":141591,"stat.useItem.77":3,"stat.useItem.101":76,"stat.useItem.50":2,"stat.useItem.72":1,"stat.jump":113,"stat.playOneMinute":25428,"stat.useItem.1":125,"stat.useItem.4":110,"achievement.exploreAllBiomes":{"value":0,"progress":["Beach","Stone Beach","Forest","River","Extreme Hills"]},"stat.useItem.35":34}