{"stat.crouchOneCm":736,"stat.useItem.minecraft.fence":5,"stat.useItem.minecraft.stone_button":1,"achievement.exploreAllBiomes":{"value":0,"progress":["Forest","Ocean","Plains","Cold Taiga Hills","Cold Taiga"]},"stat.useItem.minecraft.iron_block":4,"achievement.openInventory":13,"stat.useItem.minecraft.stained_hardened_clay":8,"stat.useItem.minecraft.stonebrick":193,"stat.flyOneCm":200822,"stat.useItem.minecraft.stone":5,"stat.timeSinceDeath":18812,"stat.leaveGame":1,"stat.playOneMinute":18812,"stat.useItem.minecraft.glowstone":5,"stat.useItem.minecraft.wool":90,"stat.useItem.minecraft.stone_slab":80,"stat.walkOneCm":73999,"stat.jump":49,"stat.swimOneCm":2712,"stat.sprintOneCm":6816}