{"stat.crouchOneCm":591,"stat.useItem.minecraft.cobblestone":1,"stat.useItem.minecraft.diamond_pickaxe":3,"achievement.exploreAllBiomes":{"value":0,"progress":["Taiga","Ocean","Extreme Hills","TaigaHills","Plains","ForestHills"]},"achievement.openInventory":15,"stat.useItem.minecraft.golden_pickaxe":8,"stat.mineBlock.minecraft.diamond_ore":4,"stat.flyOneCm":103313,"stat.timeSinceDeath":11202,"stat.useItem.minecraft.diamond_ore":13,"stat.leaveGame":1,"stat.playOneMinute":11202,"stat.useItem.minecraft.wool":5,"stat.useItem.minecraft.stone_slab":11,"stat.jump":17,"stat.useItem.minecraft.wooden_pickaxe":2,"stat.useItem.minecraft.iron_pickaxe":1,"stat.walkOneCm":14343,"stat.mineBlock.minecraft.dirt":1,"stat.sprintOneCm":280,"stat.useItem.minecraft.dirt":1}