{"stat.flyOneCm":72580,"stat.useItem.minecraft.glass":15,"stat.walkOneCm":48603,"stat.useItem.minecraft.stone_slab":115,"stat.useItem.minecraft.torch":6,"stat.jump":70,"stat.playOneMinute":8616,"achievement.openInventory":8,"stat.leaveGame":1,"stat.useItem.minecraft.iron_block":153,"stat.useItem.minecraft.wool":38,"stat.crouchOneCm":13,"stat.timeSinceDeath":8616,"stat.useItem.minecraft.nether_brick_fence":8,"stat.useItem.minecraft.stone_button":15,"stat.sprintOneCm":2889,"achievement.exploreAllBiomes":{"value":0,"progress":["Forest","Taiga","TaigaHills"]}}