{"stat.flyOneCm":127447,"stat.walkOneCm":48824,"stat.useItem.minecraft.stone_slab":3,"stat.jump":25,"stat.useItem.minecraft.sapling":36,"stat.playOneMinute":8430,"achievement.openInventory":10,"stat.leaveGame":1,"stat.useItem.minecraft.wool":129,"stat.crouchOneCm":75,"stat.timeSinceDeath":8430,"stat.useItem.minecraft.dirt":49,"stat.sprintOneCm":4492,"stat.useItem.minecraft.dye":273,"achievement.exploreAllBiomes":{"value":0,"progress":["Stone Beach","Forest","River","Ocean","Plains","Extreme Hills"]}}