{"stat.useItem.minecraft.glass":21,"stat.walkOneCm":170942,"stat.useItem.minecraft.stone_slab":174,"stat.useItem.minecraft.torch":8,"achievement.openInventory":13,"stat.useItem.minecraft.stone":206,"stat.leaveGame":2,"stat.useItem.minecraft.iron_block":167,"stat.useItem.minecraft.cobblestone":1,"stat.useItem.minecraft.stone_brick_stairs":14,"stat.useItem.minecraft.stonebrick":4,"stat.flyOneCm":845416,"stat.jump":175,"stat.swimOneCm":128,"stat.playOneMinute":43530,"stat.climbOneCm":115,"stat.useItem.minecraft.wool":148,"stat.crouchOneCm":1790,"stat.timeSinceDeath":43530,"stat.useItem.minecraft.nether_brick_fence":21,"stat.useItem.minecraft.redstone_torch":2,"stat.useItem.minecraft.stone_button":28,"stat.sprintOneCm":45481,"stat.useItem.minecraft.sign":2,"stat.useItem.minecraft.diamond_block":29,"achievement.exploreAllBiomes":{"value":0,"progress":["Plains"]},"stat.useItem.minecraft.fence":1,"stat.diveOneCm":1173,"stat.useItem.minecraft.iron_door":1}