{"stat.crouchOneCm":131,"achievement.openInventory":3,"achievement.exploreAllBiomes":{"value":0,"progress":["Forest","Deep Ocean","Extreme Hills","Ocean","Plains","Beach","River","ForestHills"]},"stat.useItem.minecraft.stonebrick":31,"stat.flyOneCm":101134,"stat.timeSinceDeath":7578,"stat.leaveGame":1,"stat.playOneMinute":7578,"stat.useItem.minecraft.glowstone":17,"stat.useItem.minecraft.wool":231,"stat.useItem.minecraft.stone_slab":201,"stat.jump":23,"stat.walkOneCm":60294,"stat.sprintOneCm":3179}