{"stat.crouchOneCm":530,"stat.useItem.minecraft.stone_button":21,"achievement.exploreAllBiomes":{"value":0,"progress":["Forest","Deep Ocean","Ocean","Beach","Plains","River"]},"stat.useItem.minecraft.iron_block":12,"stat.useItem.minecraft.stone_brick_stairs":1,"achievement.openInventory":6,"stat.useItem.minecraft.torch":2,"stat.flyOneCm":89517,"stat.timeSinceDeath":8749,"stat.useItem.minecraft.nether_brick_fence":8,"stat.leaveGame":1,"stat.useItem.minecraft.glass":6,"stat.playOneMinute":8749,"stat.useItem.minecraft.wool":162,"stat.useItem.minecraft.stone_slab":48,"stat.jump":38,"stat.walkOneCm":53153,"stat.sprintOneCm":7085,"stat.useItem.minecraft.bookshelf":8}