{"stat.crouchOneCm":57,"achievement.openInventory":8,"achievement.exploreAllBiomes":{"value":0,"progress":["Desert","DesertHills","Plains"]},"stat.useItem.minecraft.oak_stairs":1,"stat.useItem.minecraft.stained_hardened_clay":57,"stat.flyOneCm":17123,"stat.timeSinceDeath":4277,"stat.leaveGame":1,"stat.useItem.minecraft.glowstone":2,"stat.playOneMinute":4277,"stat.useItem.minecraft.wool":8,"stat.useItem.minecraft.stone_slab":11,"stat.useItem.minecraft.snow":158,"stat.useItem.minecraft.pumpkin":1,"stat.jump":2,"stat.walkOneCm":4056}