{"stat.useItem.minecraft.iron_bars":64,"stat.flyOneCm":118912,"stat.useItem.minecraft.glass":5,"stat.walkOneCm":44636,"stat.jump":31,"stat.useItem.minecraft.quartz_block":991,"stat.useItem.minecraft.snow":92,"stat.playOneMinute":17886,"achievement.openInventory":20,"stat.leaveGame":1,"stat.useItem.minecraft.iron_block":9,"stat.crouchOneCm":117,"stat.useItem.minecraft.wool":98,"stat.timeSinceDeath":17886,"stat.useItem.minecraft.dirt":17,"stat.sprintOneCm":6052,"stat.useItem.minecraft.stained_glass":7,"achievement.exploreAllBiomes":{"value":0,"progress":["Ocean","Plains","Deep Ocean"]},"stat.useItem.minecraft.fence":7,"stat.useItem.minecraft.glowstone":11}