{"stat.useItem.20":170,"stat.useItem.65":4,"stat.useItem.66":24,"stat.walkOneCm":452774,"stat.useItem.113":133,"stat.useItem.159":10,"stat.useItem.76":8,"stat.useItem.77":86,"stat.jump":540,"stat.swimOneCm":147,"stat.climbOneCm":99,"achievement.exploreAllBiomes":{"value":0,"progress":["Cold Taiga","Beach","Stone Beach","Extreme Hills+","Ocean","Forest","River","Plains","Taiga","Extreme Hills","TaigaHills","Deep Ocean"]},"stat.useItem.35":706,"stat.useItem.42":583,"stat.useItem.44":1111,"stat.useItem.133":12,"stat.useItem.89":8,"stat.useItem.85":14,"achievement.openInventory":110,"stat.damageTaken":2080,"stat.useItem.49":12,"stat.useItem.98":15,"stat.useItem.54":3,"stat.flyOneCm":1017892,"stat.deaths":1,"stat.useItem.7":17,"stat.useItem.102":8,"stat.drop":10,"stat.useItem.50":59,"stat.useItem.101":61,"stat.playOneMinute":101118,"stat.useItem.1":30,"stat.useItem.109":1,"stat.useItem.3":1,"stat.useItem.18":7,"stat.useItem.57":27,"stat.diveOneCm":228}