{"stat.useItem.minecraft.glass":25,"stat.walkOneCm":298378,"stat.useItem.minecraft.stone_slab":318,"stat.useItem.minecraft.torch":9,"achievement.openInventory":29,"stat.useItem.minecraft.stone":207,"stat.leaveGame":1,"stat.useItem.minecraft.iron_block":74,"stat.useItem.minecraft.cobblestone":19,"stat.useItem.minecraft.tnt":8,"stat.useItem.minecraft.carpet":1,"stat.flyOneCm":326377,"stat.jump":238,"stat.playOneMinute":35315,"stat.useItem.minecraft.item_frame":3,"stat.useItem.minecraft.nether_brick":19,"stat.crouchOneCm":456,"stat.useItem.minecraft.wool":558,"stat.timeSinceDeath":35315,"stat.useItem.minecraft.nether_brick_fence":13,"stat.useItem.minecraft.stained_hardened_clay":205,"stat.useItem.minecraft.redstone_torch":11,"stat.useItem.minecraft.stone_button":22,"stat.useItem.minecraft.dirt":85,"stat.sprintOneCm":55566,"stat.useItem.minecraft.sign":1,"achievement.exploreAllBiomes":{"value":0,"progress":["FrozenRiver","Ice Plains","Forest","River","Ice Mountains"]},"stat.useItem.minecraft.stone_stairs":19}