{"stat.crouchOneCm":17,"stat.useItem.minecraft.chest":8,"stat.useItem.minecraft.nether_brick_stairs":121,"stat.useItem.minecraft.quartz_block":83,"stat.useItem.minecraft.stained_glass":6,"achievement.openInventory":25,"stat.useItem.minecraft.fence":18,"stat.useItem.minecraft.stone_button":9,"achievement.exploreAllBiomes":{"value":0,"progress":["Deep Ocean","Extreme Hills"]},"stat.useItem.minecraft.iron_block":4,"stat.useItem.minecraft.bed":5,"stat.useItem.minecraft.quartz_stairs":5,"stat.useItem.minecraft.stonebrick":111,"stat.flyOneCm":49243,"stat.useItem.minecraft.enchanting_table":1,"stat.useItem.minecraft.diamond_block":38,"stat.timeSinceDeath":15184,"stat.leaveGame":1,"stat.useItem.minecraft.glowstone":11,"stat.playOneMinute":15184,"stat.useItem.minecraft.nether_brick":163,"stat.useItem.minecraft.wool":103,"stat.useItem.minecraft.stone_slab":11,"stat.useItem.minecraft.carpet":20,"stat.jump":61,"stat.walkOneCm":77745,"stat.sprintOneCm":28393,"stat.useItem.minecraft.bookshelf":25}