{"stat.useItem.minecraft.iron_bars":18,"stat.flyOneCm":36068,"stat.walkOneCm":38089,"stat.useItem.minecraft.stone_slab":146,"stat.jump":37,"stat.useItem.minecraft.quartz_block":103,"stat.playOneMinute":8890,"achievement.openInventory":9,"stat.leaveGame":1,"stat.useItem.minecraft.iron_block":32,"stat.useItem.minecraft.wool":47,"stat.crouchOneCm":136,"stat.timeSinceDeath":8890,"stat.useItem.minecraft.stone_button":8,"stat.sprintOneCm":2552,"achievement.exploreAllBiomes":{"value":0,"progress":["Forest","Plains","Deep Ocean"]},"stat.useItem.minecraft.glowstone":4,"stat.useItem.minecraft.iron_door":1}