{"stat.crouchOneCm":291,"stat.useItem.minecraft.quartz_block":97,"stat.useItem.minecraft.iron_bars":22,"stat.useItem.minecraft.stone_brick_stairs":3,"achievement.openInventory":6,"stat.useItem.minecraft.stone_button":4,"achievement.exploreAllBiomes":{"value":0,"progress":["Forest","Ocean","Plains"]},"stat.useItem.minecraft.torch":2,"stat.flyOneCm":49656,"stat.timeSinceDeath":8135,"stat.leaveGame":1,"stat.playOneMinute":8135,"stat.useItem.minecraft.wool":43,"stat.useItem.minecraft.stone_slab":36,"stat.useItem.minecraft.glass":13,"stat.jump":34,"stat.walkOneCm":40259,"stat.sprintOneCm":6703}