{"stat.walkOneCm":253192,"stat.useItem.minecraft.torch":17,"stat.useItem.minecraft.quartz_block":2,"stat.useItem.minecraft.chest":4,"stat.useItem.minecraft.quartz_stairs":1,"stat.leaveGame":2,"stat.jump":201,"stat.useItem.minecraft.planks":179,"stat.crouchOneCm":816,"stat.useItem.minecraft.nether_brick_fence":20,"stat.useItem.minecraft.stone_button":75,"stat.sprintOneCm":64389,"stat.useItem.minecraft.diamond_block":7,"stat.useItem.minecraft.stained_glass":5,"achievement.exploreAllBiomes":{"value":0,"progress":["Beach","ForestHills","Stone Beach","Extreme Hills+","Forest","River","Ocean","Plains","Taiga","Extreme Hills","Deep Ocean"]},"stat.useItem.minecraft.glass":23,"stat.useItem.minecraft.stone_slab":532,"achievement.openInventory":55,"stat.useItem.minecraft.iron_sword":7,"stat.useItem.minecraft.iron_block":552,"stat.useItem.minecraft.gold_block":59,"stat.useItem.minecraft.furnace":2,"stat.mobKills":3,"stat.useItem.minecraft.anvil":1,"stat.flyOneCm":477466,"stat.playOneMinute":46676,"stat.killEntity.Villager":1,"stat.damageDealt":500,"stat.killEntity.Rabbit":2,"stat.useItem.minecraft.wool":91,"stat.timeSinceDeath":46676,"stat.useItem.minecraft.spawn_egg":7,"stat.useItem.minecraft.iron_door":2}