{"stat.crouchOneCm":88,"achievement.openInventory":12,"achievement.exploreAllBiomes":{"value":0,"progress":["Forest","Deep Ocean","Extreme Hills","Ocean","Beach","Plains","River"]},"stat.useItem.minecraft.stone":31,"stat.flyOneCm":62160,"stat.timeSinceDeath":14536,"stat.leaveGame":1,"stat.useItem.minecraft.glowstone":3,"stat.useItem.minecraft.glass":10,"stat.useItem.minecraft.gold_block":1,"stat.playOneMinute":14536,"stat.useItem.minecraft.wool":685,"stat.useItem.minecraft.stone_slab":49,"stat.jump":55,"stat.walkOneCm":106225,"stat.sprintOneCm":5478,"stat.useItem.minecraft.iron_door":4}