{"stat.useItem.minecraft.wooden_door":2,"stat.flyOneCm":202326,"stat.walkOneCm":46861,"stat.useItem.minecraft.stone_slab":64,"stat.craftItem.minecraft.golden_axe":1,"stat.jump":70,"stat.playOneMinute":10350,"achievement.openInventory":14,"stat.fallOneCm":335,"stat.leaveGame":1,"stat.damageTaken":10,"stat.useItem.minecraft.wool":21,"stat.crouchOneCm":1,"stat.timeSinceDeath":10350,"stat.useItem.minecraft.stained_hardened_clay":5,"stat.sprintOneCm":19683,"stat.useItem.minecraft.sign":1,"stat.useItem.minecraft.stonebrick":26,"stat.useItem.minecraft.spawn_egg":1,"achievement.exploreAllBiomes":{"value":0,"progress":["Stone Beach","Ocean","River","Forest","Plains","Desert","Extreme Hills","Swampland","Deep Ocean"]},"stat.useItem.minecraft.glass_pane":5,"stat.useItem.minecraft.glowstone":1}