{"stat.flyOneCm":148136,"stat.walkOneCm":73414,"stat.jump":45,"stat.playOneMinute":11173,"stat.useItem.minecraft.tripwire_hook":2,"achievement.openInventory":20,"stat.useItem.minecraft.stone":1,"stat.useItem.minecraft.item_frame":4,"stat.leaveGame":1,"stat.useItem.minecraft.iron_block":5,"stat.useItem.minecraft.cobblestone":12,"stat.useItem.minecraft.wool":126,"stat.crouchOneCm":15,"stat.timeSinceDeath":11173,"stat.useItem.minecraft.stained_hardened_clay":27,"stat.useItem.minecraft.nether_brick_fence":5,"stat.useItem.minecraft.obsidian":57,"stat.useItem.minecraft.stone_button":75,"stat.sprintOneCm":34408,"achievement.exploreAllBiomes":{"value":0,"progress":["DesertHills","Ocean","Desert","Swampland","Deep Ocean"]},"stat.useItem.minecraft.glowstone":1}