{"stat.crouchOneCm":95,"achievement.openInventory":8,"achievement.exploreAllBiomes":{"value":0,"progress":["Forest","Plains","River","Cold Taiga"]},"stat.useItem.minecraft.sapling":17,"stat.useItem.minecraft.stonebrick":100,"stat.flyOneCm":46631,"stat.drop":1,"stat.useItem.minecraft.dye":102,"stat.timeSinceDeath":6013,"stat.leaveGame":1,"stat.playOneMinute":6013,"stat.useItem.minecraft.wool":8,"stat.jump":19,"stat.walkOneCm":28286,"stat.useItem.minecraft.sandstone":1,"stat.sprintOneCm":6283,"stat.useItem.minecraft.dirt":40}