{"stat.useItem.3":362,"stat.useItem.65":5,"achievement.exploreAllBiomes":{"value":0,"progress":["Forest","Taiga","Extreme Hills","Mega Taiga Hills","Birch Forest","Plains","Mega Taiga","River","Swampland","Extreme Hills+ M"]},"stat.useItem.112":2219,"stat.useItem.324":2,"stat.useItem.24":94,"stat.useItem.53":1,"stat.useItem.89":110,"achievement.openInventory":140,"stat.damageDealt":1728,"stat.useItem.19":42,"stat.useItem.50":24,"stat.useItem.259":118,"stat.useItem.323":32,"stat.useItem.355":2,"stat.useItem.86":2,"stat.flyOneCm":4066070,"stat.useItem.69":2,"stat.climbOneCm":1340,"stat.useItem.45":10,"stat.drop":4,"stat.useItem.135":1,"stat.useItem.47":28,"stat.useItem.4":3,"stat.useItem.155":1152,"stat.useItem.29":12,"stat.diveOneCm":2635,"stat.useItem.356":8,"stat.useItem.383":6,"stat.useItem.330":8,"stat.useItem.54":8,"stat.killEntity.Villager":1,"stat.playOneMinute":396629,"stat.useItem.85":19,"stat.swimOneCm":11885,"stat.useItem.113":332,"stat.useItem.42":2377,"stat.mobKills":3,"stat.useItem.98":1550,"stat.walkOneCm":1946312,"stat.useItem.77":6,"stat.useItem.35":8719,"stat.useItem.44":3930,"stat.useItem.276":1,"stat.useItem.148":2,"stat.jump":1438,"stat.useItem.1":587,"stat.useItem.20":115,"stat.useItem.331":32,"stat.useItem.102":18,"stat.useItem.101":212}