{"stat.crouchOneCm":746,"stat.useItem.minecraft.stained_glass_pane":2,"stat.useItem.minecraft.quartz_block":155,"stat.useItem.minecraft.iron_bars":32,"stat.useItem.minecraft.stained_glass":5,"achievement.openInventory":24,"stat.damageDealt":30,"stat.useItem.minecraft.stone_button":13,"achievement.exploreAllBiomes":{"value":0,"progress":["Forest","Deep Ocean","Ocean","Plains"]},"stat.useItem.minecraft.iron_block":92,"stat.climbOneCm":16,"stat.useItem.minecraft.quartz_stairs":16,"stat.useItem.minecraft.stained_hardened_clay":1,"stat.flyOneCm":142211,"stat.useItem.minecraft.torch":10,"stat.timeSinceDeath":25141,"stat.useItem.minecraft.nether_brick_fence":4,"stat.leaveGame":1,"stat.useItem.minecraft.glass":32,"stat.playOneMinute":25141,"stat.useItem.minecraft.painting":3,"stat.useItem.minecraft.nether_brick":20,"stat.useItem.minecraft.wool":76,"stat.useItem.minecraft.stone_slab":284,"stat.walkOneCm":141582,"stat.jump":115,"stat.sprintOneCm":15260,"stat.useItem.minecraft.spawn_egg":15}