{"stat.flyOneCm":22396,"stat.walkOneCm":22321,"stat.jump":12,"stat.playOneMinute":7756,"achievement.openInventory":32,"stat.useItem.minecraft.diamond_ore":1,"stat.leaveGame":1,"stat.killEntity.Villager":2,"stat.damageDealt":600,"stat.useItem.minecraft.wool":1,"stat.crouchOneCm":138,"stat.killEntity.Wolf":1,"stat.timeSinceDeath":7756,"stat.useItem.minecraft.record_cat":1,"stat.useItem.minecraft.record_far":1,"stat.sprintOneCm":310,"stat.useItem.minecraft.jukebox":1,"stat.mobKills":3,"stat.useItem.minecraft.spawn_egg":129,"achievement.exploreAllBiomes":{"value":0,"progress":["ForestHills","Ocean","Forest","Plains"]},"stat.useItem.minecraft.diamond_sword":7,"stat.useItem.minecraft.stained_glass_pane":4}